<?xml version="1.0" encoding="UTF-8"?>
<templates id="template" xml:space="preserve">

    <t t-name="PosCustomUomButton" owl="1">
        <span class="control-button" t-on-click="onClick">
            <i class="fa fa-balance-scale"></i>
            <span>UOM</span>
        </span>
    </t>

    <t t-name="Orderline" t-inherit="point_of_sale.Orderline" t-inherit-mode="extension" owl="1">
        <xpath expr="//ul[hasclass('info-list')]" position="replace">
            <ul class="info-list">
                <t t-if="props.line.get_quantity_str() !== '1' || props.line.selected ">
                    <li class="info">
                        <em>
                            <t t-esc="props.line.get_quantity_str()" />
                        </em>
                        <span> </span><t t-esc="props.line.get_custom_unit().name" />
                        at
                        <t t-if="props.line.display_discount_policy() == 'without_discount' and
                            props.line.get_unit_display_price() &lt; props.line.get_lst_price()">
                            <s>
                                <t t-esc="env.pos.format_currency(props.line.get_fixed_lst_price(),'Product Price')" />
                            </s>
                            <t t-esc="env.pos.format_currency(props.line.get_unit_display_price(),'Product Price')" />
                        </t>
                        <t t-else="">
                            <t t-esc="env.pos.format_currency(props.line.get_unit_display_price(),'Product Price')" />
                        </t>
                        /
                        <t t-esc="props.line.get_custom_unit().name" />
                    </li>
                </t>
                <t t-if="props.line.get_discount_str() !== '0'">
                    <li class="info">
                        With a
                        <em>
                            <t t-esc="props.line.get_discount_str()" />%
                        </em>
                        discount
                    </li>
                </t>
                <t t-if="customerNote">
                    <li class="info orderline-note">
                        <i class="fa fa-sticky-note" role="img" aria-label="Customer Note" title="Customer Note"/>
                        <t t-esc="customerNote" />
                    </li>
                </t>
            </ul>
        </xpath>
    </t>

</templates>
